{
  "generator-jhipster": {
    "jhipsterVersion": "6.8.0",
    "baseName": "JHipsterRegistry",
    "packageName": "io.github.jhipster.registry",
    "packageFolder": "io/github/jhipster/registry",
    "serverPort": "8761",
    "authenticationType": "jwt",
    "hibernateCache": "no",
    "clusteredHttpSession": false,
    "websocket": false,
    "databaseType": "no",
    "devDatabaseType": "no",
    "prodDatabaseType": "no",
    "searchEngine": false,
    "messageBroker": false,
    "serviceDiscoveryType": "eureka",
    "buildTool": "maven",
    "enableSocialSignIn": false,
    "jwtSecretKey": "c9d37cefc48581919939d587c750ea215020765b",
    "useSass": true,
    "enableTranslation": false,
    "applicationType": "gateway",
    "testFrameworks": [],
    "jhiPrefix": "jhi",
    "skipClient": false,
    "skipUserManagement": false,
    "clientPackageManager": "npm",
    "clientFramework": "angularX",
    "cacheProvider": "no",
    "enableHibernateCache": false,
    "embeddableLaunchScript": false,
    "clientTheme": "none",
    "entitySuffix": "",
    "dtoSuffix": "DTO",
    "otherModules": [],
    "blueprints": [],
    "creationTimestamp": 1576848019661,
    "gcpProjectId": "jhipsterproject",
    "gcpCloudSqlInstanceName": "jhipsterproject:us-central1:jhipster",
    "gcpCloudSqlUserName": "root",
    "gcpCloudSqlDatabaseName": "jhipsterregistry",
    "gaeServiceName": "jhipster-registry",
    "gaeLocation": "us-central",
    "gaeInstanceClass": "F2",
    "gaeScalingType": "automatic",
    "gaeMinInstances": "1",
    "gaeMaxInstances": "2",
    "gaeCloudSQLInstanceNeeded": "Y"
  }
}
